INSERT INTO SHOP (SHOP_CODE, SHOP_NAME, SHOP_NUMBER, SHOP_REP, SHOP_TEL, SHOP_STATE, SHOP_EMAIL, SHOP_SNS, SHOP_DIVISION) 
VALUES (1.0, '롯데마트 잠실점', '101-15-1234', '이길아', '02-411-8022', '0', 'killha@naver.com', 'alimbert0@si.edu', '대형마트');

INSERT INTO SHOP (SHOP_CODE, SHOP_NAME, SHOP_NUMBER, SHOP_REP, SHOP_TEL, SHOP_STATE, SHOP_EMAIL, SHOP_SNS, SHOP_DIVISION) 
VALUES (2.0, '이마트 역삼정', '101-15-1235', '조준석', '02-6908-1234', '0', 'cljh223@naver.com', 'mdomleo1@youtube.com', '대형마트');

INSERT INTO SHOP (SHOP_CODE, SHOP_NAME, SHOP_NUMBER, SHOP_REP, SHOP_TEL, SHOP_STATE, SHOP_EMAIL, SHOP_SNS, SHOP_DIVISION) 
VALUES (3.0, '롯데슈퍼 코엑스점', '101-15-1236', '정우석', '02-3446-5602', '0', 'rlowndsborough0@ehow.com', 'bcosyns2@paginegialle.it', '소형마트');

INSERT INTO SHOP (SHOP_CODE, SHOP_NAME, SHOP_NUMBER, SHOP_REP, SHOP_TEL, SHOP_STATE, SHOP_EMAIL, SHOP_SNS, SHOP_DIVISION) 
VALUES (4.0, '롯데슈퍼 신천점', '101-15-1237', '송은지', '02-425-5601', '0', 'gdossit1@typepad.com', 'mdannehl3@yolasite.com', '소형마트');

INSERT INTO SHOP (SHOP_CODE, SHOP_NAME, SHOP_NUMBER, SHOP_REP, SHOP_TEL, SHOP_STATE, SHOP_EMAIL, SHOP_SNS, SHOP_DIVISION) 
VALUES (5.0, '이마트에브리데이 삼성동점', '101-15-1238', '홍은기', '02-3437-9150', '0', 'tlaudham2@omniture.com', 'rjizhaki4@utexas.edu', '소형마트');

INSERT INTO SHOP (SHOP_CODE, SHOP_NAME, SHOP_NUMBER, SHOP_REP, SHOP_TEL, SHOP_STATE, SHOP_EMAIL, SHOP_SNS, SHOP_DIVISION) 
VALUES (6.0, '롯데슈퍼대치점', '101-15-1239', '이재준', '02-2293-3651', '0', 'tkester3@indiatimes.com', 'lsommerlin5@gizmodo.com', '소형마트');

INSERT INTO SHOP (SHOP_CODE, SHOP_NAME, SHOP_NUMBER, SHOP_REP, SHOP_TEL, SHOP_STATE, SHOP_EMAIL, SHOP_SNS, SHOP_DIVISION) 
VALUES (7.0, 'GS수퍼마켓 강남대치점', '101-15-1240', '류지수', '02-451-8322', '0', 'lpires4@de.vu', 'bstubbs6@slate.com', '소형마트');

INSERT INTO SHOP (SHOP_CODE, SHOP_NAME, SHOP_NUMBER, SHOP_REP, SHOP_TEL, SHOP_STATE, SHOP_EMAIL, SHOP_SNS, SHOP_DIVISION) 
VALUES (8.0, '롯데슈퍼 삼성역점', '101-15-1241', '최다영', '02-565-5601', '0', 'jkindleysides5@51.la', 'jmallion7@hud.gov', '소형마트');

INSERT INTO SHOP (SHOP_CODE, SHOP_NAME, SHOP_NUMBER, SHOP_REP, SHOP_TEL, SHOP_STATE, SHOP_EMAIL, SHOP_SNS, SHOP_DIVISION) 
VALUES (9.0, '롯데슈퍼 G은마점', '101-15-1242', '김상인', '02-569-6120', '0', 'dkippin6@slate.com', 'gsargint8@about.me', '소형마트');

INSERT INTO SHOP (SHOP_CODE, SHOP_NAME, SHOP_NUMBER, SHOP_REP, SHOP_TEL, SHOP_STATE, SHOP_EMAIL, SHOP_SNS, SHOP_DIVISION) 
VALUES (10.0, 'GS수퍼마켓 도곡렉슬점', '101-15-1243', '이호연', '02-3453-4814', '0', 'cgarnsworthy7@columbia.edu', 'ckrzyzanowski9@marriott.com', '소형마트');

INSERT INTO SHOP (SHOP_CODE, SHOP_NAME, SHOP_NUMBER, SHOP_REP, SHOP_TEL, SHOP_STATE, SHOP_EMAIL, SHOP_SNS, SHOP_DIVISION) 
VALUES (11.0, '롯데슈퍼 대치2점', '101-15-1244', '용원일', '02-566-6839', '0', 'taikman8@umich.edu', 'tpiertona@photobucket.com', '소형마트');

INSERT INTO SHOP (SHOP_CODE, SHOP_NAME, SHOP_NUMBER, SHOP_REP, SHOP_TEL, SHOP_STATE, SHOP_EMAIL, SHOP_SNS, SHOP_DIVISION) 
VALUES (12.0, '롯데슈퍼 삼성점', '101-15-1245', '윤상혁', '02-2138-7162', '0', 'hlockney9@artisteer.com', 'etiesb@salon.com', '소형마트');

INSERT INTO SHOP (SHOP_CODE, SHOP_NAME, SHOP_NUMBER, SHOP_REP, SHOP_TEL, SHOP_STATE, SHOP_EMAIL, SHOP_SNS, SHOP_DIVISION) 
VALUES (13.0, 'JS♥HY department', '101-15-1246', '이호연', '02-904-4532', '0', 'leeHoyeon@naver.com', 'leeHoyeon@naver.com', '백화점');

INSERT INTO SHOP (SHOP_CODE, SHOP_NAME, SHOP_NUMBER, SHOP_REP, SHOP_TEL, SHOP_STATE, SHOP_EMAIL, SHOP_SNS, SHOP_DIVISION) 
VALUES (14.0, 'CU 여주북내점', '101-15-1247', '박소연', '031-881-1138', '0', 'cljh223@naver.com', 'cu.bgfretail.com', '편의점');

INSERT INTO SHOP (SHOP_CODE, SHOP_NAME, SHOP_NUMBER, SHOP_REP, SHOP_TEL, SHOP_STATE, SHOP_EMAIL, SHOP_SNS, SHOP_DIVISION) 
VALUES (15.0, '세븐일레븐 이천부발대로점', '101-15-1248', '정성찬', '031-635-5248', '0', 'cljh223@naver.com', 'www.facebook.com/7elevenkorea', '편의점');

INSERT INTO SHOP (SHOP_CODE, SHOP_NAME, SHOP_NUMBER, SHOP_REP, SHOP_TEL, SHOP_STATE, SHOP_EMAIL, SHOP_SNS, SHOP_DIVISION) 
VALUES (16.0, 'GS25 남원의료원점', '101-15-1249', '이지윤', '063-635-5770', '0', 'cljh223@naver.com', 'www.facebook.com/7elevenkorea', '편의점');

INSERT INTO SHOP (SHOP_CODE, SHOP_NAME, SHOP_NUMBER, SHOP_REP, SHOP_TEL, SHOP_STATE, SHOP_EMAIL, SHOP_SNS, SHOP_DIVISION) 
VALUES (17.0, '미니스톱 남원금동점', '101-15-1250', '백록담', '070-8194-7779', '0', 'cljh223@naver.com', 'www.ministop.co.kr/', '편의점');

INSERT INTO SHOP (SHOP_CODE, SHOP_NAME, SHOP_NUMBER, SHOP_REP, SHOP_TEL, SHOP_STATE, SHOP_EMAIL, SHOP_SNS, SHOP_DIVISION) 
VALUES (18.0, 'CU 보성역점', '101-15-1251', '김상인', '061-853-0767', '0', 'hlockney9@artisteer.com', 'cu.bgfretail.com', '편의점');

INSERT INTO SHOP (SHOP_CODE, SHOP_NAME, SHOP_NUMBER, SHOP_REP, SHOP_TEL, SHOP_STATE, SHOP_EMAIL, SHOP_SNS, SHOP_DIVISION) 
VALUES (19.0, '세븐일레븐 해남북일점', '101-15-1252', '김하영', '061-534-3084', '0', 'jkindleysides5@51.la', 'www.facebook.com/7elevenkorea', '편의점');

INSERT INTO SHOP (SHOP_CODE, SHOP_NAME, SHOP_NUMBER, SHOP_REP, SHOP_TEL, SHOP_STATE, SHOP_EMAIL, SHOP_SNS, SHOP_DIVISION) 
VALUES (20.0, '이마트24 송도케이블카상부점', '101-15-1253', '정동운', '02-6916-1500', '0', 'tlaudham2@omniture.com', 'bstubbs6@slate.com', '편의점');

INSERT INTO SHOP (SHOP_CODE, SHOP_NAME, SHOP_NUMBER, SHOP_REP, SHOP_TEL, SHOP_STATE, SHOP_EMAIL, SHOP_SNS, SHOP_DIVISION) 
VALUES (21.0, 'GS25양산아이유쉘점', '101-15-1254', '이지은', '070-4562-8562', '0', 'gdossit1@typepad.com', 'jmallion7@hud.gov', '편의점');

INSERT INTO SHOP (SHOP_CODE, SHOP_NAME, SHOP_NUMBER, SHOP_REP, SHOP_TEL, SHOP_STATE, SHOP_EMAIL, SHOP_SNS, SHOP_DIVISION) 
VALUES (22.0, 'GS25 영월발전소점', '101-15-1255', '박세혁', '033-375-3900', '0', 'rlowndsborough0@ehow.com', 'mdannehl3@yolasite.com', '편의점');

INSERT INTO ADDRESS (ADDRESS_POST, ADDRESS_DETAIL1, ADDRESS_DETAIL2, ADDRESS_DETAIL3, ADDRESS_DETAIL4, SHOP_CODE) 
VALUES ('16164', '서울특별시', '송파구', '올림픽로 240', '롯데마트잠실점', 1.0);

INSERT INTO ADDRESS (ADDRESS_POST, ADDRESS_DETAIL1, ADDRESS_DETAIL2, ADDRESS_DETAIL3, ADDRESS_DETAIL4, SHOP_CODE) 
VALUES ('16165', '서울특별시', '강남구', '역삼로 310', '이마트역삼점', 2.0);

INSERT INTO ADDRESS (ADDRESS_POST, ADDRESS_DETAIL1, ADDRESS_DETAIL2, ADDRESS_DETAIL3, ADDRESS_DETAIL4, SHOP_CODE) 
VALUES ('16166', '서울특별시', '강남구', '봉은사로 103길 5', '지하 1층', 3.0);

INSERT INTO ADDRESS (ADDRESS_POST, ADDRESS_DETAIL1, ADDRESS_DETAIL2, ADDRESS_DETAIL3, ADDRESS_DETAIL4, SHOP_CODE) 
VALUES ('16167', '서울특별시', '송파구', '올림픽로 111', '잠실엑스상가A동', 4.0);

INSERT INTO ADDRESS (ADDRESS_POST, ADDRESS_DETAIL1, ADDRESS_DETAIL2, ADDRESS_DETAIL3, ADDRESS_DETAIL4, SHOP_CODE) 
VALUES ('16168', '서울특별시', '강남구', '봉은사로 502', '삼하빌딩', 5.0);

INSERT INTO ADDRESS (ADDRESS_POST, ADDRESS_DETAIL1, ADDRESS_DETAIL2, ADDRESS_DETAIL3, ADDRESS_DETAIL4, SHOP_CODE) 
VALUES ('16169', '서울특별시', '강남구', '도곡로 5151', '한도산업사옥', 6.0);

INSERT INTO ADDRESS (ADDRESS_POST, ADDRESS_DETAIL1, ADDRESS_DETAIL2, ADDRESS_DETAIL3, ADDRESS_DETAIL4, SHOP_CODE) 
VALUES ('16170', '서울특별시', '강남구', '남부순환로 2927', '대치 클래시아 지하 1층', 7.0);

INSERT INTO ADDRESS (ADDRESS_POST, ADDRESS_DETAIL1, ADDRESS_DETAIL2, ADDRESS_DETAIL3, ADDRESS_DETAIL4, SHOP_CODE) 
VALUES ('16171', '서울특별시', '강남구', '영동대로86길 21', '태화빌딩', 8.0);

INSERT INTO ADDRESS (ADDRESS_POST, ADDRESS_DETAIL1, ADDRESS_DETAIL2, ADDRESS_DETAIL3, ADDRESS_DETAIL4, SHOP_CODE) 
VALUES ('16172', '서울특별시', '강남구', '삼성로 212', '은마아파트', 9.0);

INSERT INTO ADDRESS (ADDRESS_POST, ADDRESS_DETAIL1, ADDRESS_DETAIL2, ADDRESS_DETAIL3, ADDRESS_DETAIL4, SHOP_CODE) 
VALUES ('16173', '서울특별시', '강남구', '선릉로 225', '도곡렉슬상가', 10.0);

INSERT INTO ADDRESS (ADDRESS_POST, ADDRESS_DETAIL1, ADDRESS_DETAIL2, ADDRESS_DETAIL3, ADDRESS_DETAIL4, SHOP_CODE) 
VALUES ('16174', '서울특별시', '강남구', '선릉로 660', NULL, 11.0);

INSERT INTO ADDRESS (ADDRESS_POST, ADDRESS_DETAIL1, ADDRESS_DETAIL2, ADDRESS_DETAIL3, ADDRESS_DETAIL4, SHOP_CODE) 
VALUES ('16175', '서울특별시', '송파구', '올림픽로 145', '리센츠', 12.0);

INSERT INTO ADDRESS (ADDRESS_POST, ADDRESS_DETAIL1, ADDRESS_DETAIL2, ADDRESS_DETAIL3, ADDRESS_DETAIL4, SHOP_CODE) 
VALUES ('16176', '서울특별시', '강남구', '삼성1동 ', '영동대로 513', 13.0);

INSERT INTO ADDRESS (ADDRESS_POST, ADDRESS_DETAIL1, ADDRESS_DETAIL2, ADDRESS_DETAIL3, ADDRESS_DETAIL4, SHOP_CODE) 
VALUES ('16177', '경기도', '여주시', '북내면', '여양2로 227', 14.0);

INSERT INTO ADDRESS (ADDRESS_POST, ADDRESS_DETAIL1, ADDRESS_DETAIL2, ADDRESS_DETAIL3, ADDRESS_DETAIL4, SHOP_CODE) 
VALUES ('16178', '경기도', '이천시', '부달읍', '중부대로 1802', 15.0);

INSERT INTO ADDRESS (ADDRESS_POST, ADDRESS_DETAIL1, ADDRESS_DETAIL2, ADDRESS_DETAIL3, ADDRESS_DETAIL4, SHOP_CODE) 
VALUES ('16179', '전라북도', '남원시', '충정로 365', '남원의료원', 16.0);

INSERT INTO ADDRESS (ADDRESS_POST, ADDRESS_DETAIL1, ADDRESS_DETAIL2, ADDRESS_DETAIL3, ADDRESS_DETAIL4, SHOP_CODE) 
VALUES ('16180', '전라북도', '남원시', '금동 569', '휴먼시아상가', 17.0);

INSERT INTO ADDRESS (ADDRESS_POST, ADDRESS_DETAIL1, ADDRESS_DETAIL2, ADDRESS_DETAIL3, ADDRESS_DETAIL4, SHOP_CODE) 
VALUES ('16181', '전라남도', '보성군', '보성읍', '신흥길 2', 18.0);

INSERT INTO ADDRESS (ADDRESS_POST, ADDRESS_DETAIL1, ADDRESS_DETAIL2, ADDRESS_DETAIL3, ADDRESS_DETAIL4, SHOP_CODE) 
VALUES ('16182', '전라남도', '해남군', '북일면 만원길 3', '터미널식육점마트', 19.0);

INSERT INTO ADDRESS (ADDRESS_POST, ADDRESS_DETAIL1, ADDRESS_DETAIL2, ADDRESS_DETAIL3, ADDRESS_DETAIL4, SHOP_CODE) 
VALUES ('16183', '부산광역시', '서구', '암남공원로 182', NULL, 20.0);

INSERT INTO ADDRESS (ADDRESS_POST, ADDRESS_DETAIL1, ADDRESS_DETAIL2, ADDRESS_DETAIL3, ADDRESS_DETAIL4, SHOP_CODE) 
VALUES ('16184', '경상남도', '양산시', '신기강변 1길 11', '양산우방아이유셀', 21.0);

INSERT INTO ADDRESS (ADDRESS_POST, ADDRESS_DETAIL1, ADDRESS_DETAIL2, ADDRESS_DETAIL3, ADDRESS_DETAIL4, SHOP_CODE) 
VALUES ('16185', '강원도', '영월군', '영월읍', '중앙로 236', 22.0);


insert into staff values
(
	staff_code_SEQ.NEXTVAL
	, '정우석'
	, '생산부'
	, '2222'
	, '2222'
	, 'cowstone@kill.ah'
);

insert into staff values
(
	staff_code_SEQ.NEXTVAL
	, '조준석'
	, '영업부'
	, '4444'
	, '4444'
	, 'handsomestone@killl.ah'
);

insert into staff values
(
	staff_code_SEQ.NEXTVAL
	, '송은지'
	, '물류부'
	, '3333'
	, '3333'
	, 'silvermouse@kill.ah'
);

insert into staff values
(
	staff_code_SEQ.NEXTVAL
	, '이재준'
	, '구매부'
	, '1111'
	, '1111'
	, 'peartree@kill.ah'
);

insert into staff values
(
	staff_code_SEQ.NEXTVAL
	, '홍은기'
	, '기술부'
	, '0000'
	, '0000'
	, 'redsilverground@kill.ah'
);


insert into kpiDivision values
(
	0
	, '판매액'
);

insert into kpiDivision values
(
	1
	, '매출액'
);

insert into kpiDivision values
(
	2
	, '매출 총 이익'
);

insert into product VALUES
(
	'1'
	, '안성탕면'
	, 8000
	, 15000
	, ''
	, 'box'
	, '20000'
);

insert into product VALUES
(
	'2'
	, '신라면'
	, 9000
	, 16000
	, ''
	, 'box'
	, '21000'
);

insert into product VALUES
(
	'3'
	, '너구리'
	, 10000
	, 17000
	, ''
	, 'box'
	, 22000
);

insert into product VALUES
(
	'4'
	, '멸치칼국수라면'
	, 11000
	, 18000
	, ''
	, 'box'
	, 23000
);

insert into product VALUES
(
	'5'
	, '사리곰탕'
	, 8000
	, 15000
	, ''
	, 'box'
	, '20000'
);

insert into Truck 
values
('11가1234', '대', 300, 200, 100);

insert into Truck 
values
('12가1234', '대', 300, 200, 100);

insert into Truck 
values
('13가1234', '대', 300, 200, 100);

insert into Truck 
values
('14가1234', '중', 300, 200, 100);

insert into Truck 
values
('15가1234', '중', 300, 200, 100);

insert into Truck 
values
('16가1234', '중', 300, 200, 100);

insert into Truck 
values
('17가1234', '중', 300, 200, 100);

insert into Truck 
values
('18가1234', '중', 300, 200, 100);

insert into Truck 
values
('19가1234', '중', 300, 200, 100);

insert into Truck 
values
('20가1234', '중', 300, 200, 100);

insert into Truck 
values
('21가1234', '중', 300, 200, 100);

insert into Truck 
values
('22가1234', '소', 300, 200, 100);

insert into Truck 
values
('23가1234', '소', 300, 200, 100);

insert into Truck 
values
('24가1234', '소', 300, 200, 100);

insert into Truck 
values
('25가1234', '소', 300, 200, 100);

insert into Truck 
values
('26가1234', '소', 300, 200, 100);

insert into Truck 
values
('27가1234', '소', 300, 200, 100);

insert into Truck 
values
('28가1234', '소', 300, 200, 100);

insert into Truck 
values
('29가1234', '소', 300, 200, 100);

insert into Truck 
values
('30가1234', '소', 300, 200, 100);

insert into Truck 
values
('31가1234', '소', 300, 200, 100);

insert into Truck 
values
('32가1234', '소', 300, 200, 100);



/* Insert data */

/* Insert data RM basic data*/

insert into Pur_rawmaterials VALUES
(
'noodle-01', 'wheat', 0,0
);

insert into Pur_rawmaterials VALUES
(
'noodle-02', 'potatostarch', 0,0
);

insert into Pur_rawmaterials VALUES
(
'noodle-03', 'palmoil', 0,0
);

insert into Pur_rawmaterials VALUES
(
'flake-01', 'anchovy',  0,0
);

insert into Pur_rawmaterials VALUES
(
'flake-02', 'carrot',  0,0
);

insert into Pur_rawmaterials VALUES
(
'flake-03', 'driedbeef',  0,0
);

insert into Pur_rawmaterials VALUES
(
'flake-04', 'garlic',  0,0
);
insert into Pur_rawmaterials VALUES
(
'flake-05', 'mushroom', 0,0
);

insert into Pur_rawmaterials VALUES
(
'flake-06', 'onion', 0,0
);

insert into Pur_rawmaterials VALUES
(
'flake-07', 'redpepperpowder', 0,0
);

insert into Pur_rawmaterials VALUES
(
'flake-08', 'salt', 0,0
);

insert into Pur_rawmaterials VALUES
(
'flake-09', 'seaweed', 0,0
);

insert into Pur_rawmaterials VALUES
(
'flake-10', 'sugar', 0,0
);

insert into warehouse VALUES
(
warehouse_code_num_SEQ.nextval, '물류창고1', 0  
);

insert into warehouse VALUES
(
warehouse_code_num_SEQ.nextval, '물류창고2', 0  
);

insert into warehouse VALUES
(
warehouse_code_num_SEQ.nextval, '물류창고3', 0  
);


insert into section VALUES
(
seq_sec_code.nextval, 1, 'A구역', 23, 428, 292, 603
);

insert into section VALUES
(
seq_sec_code.nextval, 1, 'B구역', 314, 25, 630, 284
);

insert into section VALUES
(
seq_sec_code.nextval, 1, 'C구역', 311, 325, 630, 601
);

insert into section VALUES
(
seq_sec_code.nextval, 1, 'D구역', 650, 23, 971, 285
);

insert into section VALUES
(
seq_sec_code.nextval, 1, 'E구역', 656, 322, 977, 601
);

insert into section VALUES
(
seq_sec_code.nextval, 2, 'A구역', 35, 32, 363, 304  
);

insert into section VALUES
(
seq_sec_code.nextval, 2, 'B구역', 32, 342, 363, 607
);

insert into section VALUES
(
seq_sec_code.nextval, 2, 'C구역', 404, 32, 735, 197
);

insert into section VALUES
(
seq_sec_code.nextval, 2, 'D구역', 408, 238, 735, 407
);

insert into section VALUES
(
seq_sec_code.nextval, 2, 'E구역', 408, 445, 735, 607
);

insert into section VALUES
(
seq_sec_code.nextval, 3, 'A구역', 42, 34, 527, 228 
);

insert into section VALUES
(
seq_sec_code.nextval, 3, 'B구역', 45, 275, 527, 472
);

insert into section VALUES
(
seq_sec_code.nextval, 3, 'C구역', 42, 519, 527, 593
);

insert into section VALUES
(
seq_sec_code.nextval, 3, 'D구역', 577, 31, 759, 443
);

insert into section VALUES
(
seq_sec_code.nextval, 3, 'E구역', 792, 31, 962, 440
);

insert into stock VALUES
(
stockNum_SEQ.nextval, 1, 1, 'p01_1', 10, '2017-05-05'
);

insert into stock VALUES
(
stockNum_SEQ.nextval, 1, 2, 'p02_1', 30, '2017-08-05'
);

insert into stock VALUES
(
stockNum_SEQ.nextval, 1, 3, 'p03_1', 20, '2017-07-05'
);

insert into stock VALUES
(
stockNum_SEQ.nextval, 1, 4, 'p04_1', 10, '2017-04-05'
);

insert into stock VALUES
(
stockNum_SEQ.nextval, 1, 5, 'p05_1', 20, '2017-03-05'
);

insert into stock VALUES
(
stockNum_SEQ.nextval, 2, 6, 'p01_2', 25, '2017-01-05'
);

insert into stock VALUES
(
stockNum_SEQ.nextval, 2, 7, 'p02_2', 30, '2017-02-11'
);

insert into stock VALUES
(
stockNum_SEQ.nextval, 2, 8, 'p03_2', 45, '2017-06-10'
);

insert into stock VALUES
(
stockNum_SEQ.nextval, 2, 9, 'p04_2', 6, '2017-06-15'
);

insert into stock VALUES
(
stockNum_SEQ.nextval, 2, 10, 'p05_2', 17, '2017-07-08'
);

insert into stock VALUES
(
stockNum_SEQ.nextval, 3, 11, 'p01_1', 15, '2017-02-07'
);

insert into stock VALUES
(
stockNum_SEQ.nextval, 3, 12, 'p02_1', 20, '2017-08-11'
);

insert into stock VALUES
(
stockNum_SEQ.nextval, 3, 13, 'p03_1', 35, '2017-09-10'
);

insert into stock VALUES
(
stockNum_SEQ.nextval, 3, 14, 'p04_1', 40, '2017-03-15'
);

insert into stock VALUES
(
stockNum_SEQ.nextval, 3, 15, 'p05_1', 6, '2017-03-04'
);

insert into stock VALUES
(
stockNum_SEQ.nextval, 1, 1, 'p01_1', 10, '2017-05-05'
);

insert into stock VALUES
(
stockNum_SEQ.nextval, 1, 2, 'p02_1', 30, '2017-08-05'
);

insert into stock VALUES
(
stockNum_SEQ.nextval, 1, 3, 'p03_1', 20, '2017-07-05'
);

insert into stock VALUES
(
stockNum_SEQ.nextval, 1, 4, 'p04_1', 10, '2017-04-05'
);

insert into stock VALUES
(
stockNum_SEQ.nextval, 1, 5, 'p05_1', 20, '2017-03-05'
);

insert into stock VALUES
(
stockNum_SEQ.nextval, 2, 6, 'p01_2', 25, '2017-01-05'
);

insert into stock VALUES
(
stockNum_SEQ.nextval, 2, 7, 'p02_2', 30, '2017-02-11'
);

insert into stock VALUES
(
stockNum_SEQ.nextval, 2, 8, 'p03_2', 45, '2017-06-10'
);

insert into stock VALUES
(
stockNum_SEQ.nextval, 2, 9, 'p04_2', 6, '2017-06-15'
);

insert into stock VALUES
(
stockNum_SEQ.nextval, 2, 10, 'p05_2', 17, '2017-07-08'
);

insert into stock VALUES
(
stockNum_SEQ.nextval, 3, 11, 'p01_1', 15, '2017-02-07'
);

insert into stock VALUES
(
stockNum_SEQ.nextval, 3, 12, 'p02_1', 20, '2017-08-11'
);

insert into stock VALUES
(
stockNum_SEQ.nextval, 3, 13, 'p03_1', 35, '2017-09-10'
);

insert into stock VALUES
(
stockNum_SEQ.nextval, 3, 14, 'p04_1', 40, '2017-03-15'
);

insert into stock VALUES
(
stockNum_SEQ.nextval, 3, 15, 'p05_1', 6, '2017-03-04'
);