INSERT INTO SHOP (SHOP_CODE, SHOP_NAME, SHOP_NUMBER, SHOP_REP, SHOP_TEL, SHOP_STATE, SHOP_EMAIL, SHOP_SNS, SHOP_DIVISION) 
VALUES (1.0, '롯데마트 잠실점', '101-15-1234', '이길아', '02-411-8022', '0', 'killha@naver.com', 'alimbert0@si.edu', '대형마트');

INSERT INTO SHOP (SHOP_CODE, SHOP_NAME, SHOP_NUMBER, SHOP_REP, SHOP_TEL, SHOP_STATE, SHOP_EMAIL, SHOP_SNS, SHOP_DIVISION) 
VALUES (2.0, '이마트 역삼정', '101-15-1235', '조준석', '02-6908-1234', '0', 'cljh223@naver.com', 'mdomleo1@youtube.com', '대형마트');

INSERT INTO SHOP (SHOP_CODE, SHOP_NAME, SHOP_NUMBER, SHOP_REP, SHOP_TEL, SHOP_STATE, SHOP_EMAIL, SHOP_SNS, SHOP_DIVISION) 
VALUES (3.0, '롯데슈퍼 코엑스점', '101-15-1236', '정우석', '02-3446-5602', '0', 'rlowndsborough0@ehow.com', 'bcosyns2@paginegialle.it', '소형마트');

INSERT INTO SHOP (SHOP_CODE, SHOP_NAME, SHOP_NUMBER, SHOP_REP, SHOP_TEL, SHOP_STATE, SHOP_EMAIL, SHOP_SNS, SHOP_DIVISION) 
VALUES (4.0, '롯데슈퍼 신천점', '101-15-1237', '송은지', '02-425-5601', '0', 'gdossit1@typepad.com', 'mdannehl3@yolasite.com', '소형마트');

INSERT INTO SHOP (SHOP_CODE, SHOP_NAME, SHOP_NUMBER, SHOP_REP, SHOP_TEL, SHOP_STATE, SHOP_EMAIL, SHOP_SNS, SHOP_DIVISION) 
VALUES (5.0, '이마트에브리데이 삼성동점', '101-15-1238', '홍은기', '02-3437-9150', '0', 'tlaudham2@omniture.com', 'rjizhaki4@utexas.edu', '소형마트');

INSERT INTO SHOP (SHOP_CODE, SHOP_NAME, SHOP_NUMBER, SHOP_REP, SHOP_TEL, SHOP_STATE, SHOP_EMAIL, SHOP_SNS, SHOP_DIVISION) 
VALUES (6.0, '롯데슈퍼대치점', '101-15-1239', '이재준', '02-2293-3651', '0', 'tkester3@indiatimes.com', 'lsommerlin5@gizmodo.com', '소형마트');

INSERT INTO SHOP (SHOP_CODE, SHOP_NAME, SHOP_NUMBER, SHOP_REP, SHOP_TEL, SHOP_STATE, SHOP_EMAIL, SHOP_SNS, SHOP_DIVISION) 
VALUES (7.0, 'GS수퍼마켓 강남대치점', '101-15-1240', '류지수', '02-451-8322', '0', 'lpires4@de.vu', 'bstubbs6@slate.com', '소형마트');

INSERT INTO SHOP (SHOP_CODE, SHOP_NAME, SHOP_NUMBER, SHOP_REP, SHOP_TEL, SHOP_STATE, SHOP_EMAIL, SHOP_SNS, SHOP_DIVISION) 
VALUES (8.0, '롯데슈퍼 삼성역점', '101-15-1241', '최다영', '02-565-5601', '0', 'jkindleysides5@51.la', 'jmallion7@hud.gov', '소형마트');

INSERT INTO SHOP (SHOP_CODE, SHOP_NAME, SHOP_NUMBER, SHOP_REP, SHOP_TEL, SHOP_STATE, SHOP_EMAIL, SHOP_SNS, SHOP_DIVISION) 
VALUES (9.0, '롯데슈퍼 G은마점', '101-15-1242', '김상인', '02-569-6120', '0', 'dkippin6@slate.com', 'gsargint8@about.me', '소형마트');

INSERT INTO SHOP (SHOP_CODE, SHOP_NAME, SHOP_NUMBER, SHOP_REP, SHOP_TEL, SHOP_STATE, SHOP_EMAIL, SHOP_SNS, SHOP_DIVISION) 
VALUES (10.0, 'GS수퍼마켓 도곡렉슬점', '101-15-1243', '이호연', '02-3453-4814', '0', 'cgarnsworthy7@columbia.edu', 'ckrzyzanowski9@marriott.com', '소형마트');

INSERT INTO SHOP (SHOP_CODE, SHOP_NAME, SHOP_NUMBER, SHOP_REP, SHOP_TEL, SHOP_STATE, SHOP_EMAIL, SHOP_SNS, SHOP_DIVISION) 
VALUES (11.0, '롯데슈퍼 대치2점', '101-15-1244', '용원일', '02-566-6839', '0', 'taikman8@umich.edu', 'tpiertona@photobucket.com', '소형마트');

INSERT INTO SHOP (SHOP_CODE, SHOP_NAME, SHOP_NUMBER, SHOP_REP, SHOP_TEL, SHOP_STATE, SHOP_EMAIL, SHOP_SNS, SHOP_DIVISION) 
VALUES (12.0, '롯데슈퍼 삼성점', '101-15-1245', '윤상혁', '02-2138-7162', '0', 'hlockney9@artisteer.com', 'etiesb@salon.com', '소형마트');

INSERT INTO SHOP (SHOP_CODE, SHOP_NAME, SHOP_NUMBER, SHOP_REP, SHOP_TEL, SHOP_STATE, SHOP_EMAIL, SHOP_SNS, SHOP_DIVISION) 
VALUES (13.0, 'JS♥HY department', '101-15-1246', '이호연', '02-904-4532', '0', 'leeHoyeon@naver.com', 'leeHoyeon@naver.com', '백화점');

INSERT INTO SHOP (SHOP_CODE, SHOP_NAME, SHOP_NUMBER, SHOP_REP, SHOP_TEL, SHOP_STATE, SHOP_EMAIL, SHOP_SNS, SHOP_DIVISION) 
VALUES (14.0, 'CU 여주북내점', '101-15-1247', '박소연', '031-881-1138', '0', 'cljh223@naver.com', 'cu.bgfretail.com', '편의점');

INSERT INTO SHOP (SHOP_CODE, SHOP_NAME, SHOP_NUMBER, SHOP_REP, SHOP_TEL, SHOP_STATE, SHOP_EMAIL, SHOP_SNS, SHOP_DIVISION) 
VALUES (15.0, '세븐일레븐 이천부발대로점', '101-15-1248', '정성찬', '031-635-5248', '0', 'cljh223@naver.com', 'www.facebook.com/7elevenkorea', '편의점');

INSERT INTO SHOP (SHOP_CODE, SHOP_NAME, SHOP_NUMBER, SHOP_REP, SHOP_TEL, SHOP_STATE, SHOP_EMAIL, SHOP_SNS, SHOP_DIVISION) 
VALUES (16.0, 'GS25 남원의료원점', '101-15-1249', '이지윤', '063-635-5770', '0', 'cljh223@naver.com', 'www.facebook.com/7elevenkorea', '편의점');

INSERT INTO SHOP (SHOP_CODE, SHOP_NAME, SHOP_NUMBER, SHOP_REP, SHOP_TEL, SHOP_STATE, SHOP_EMAIL, SHOP_SNS, SHOP_DIVISION) 
VALUES (17.0, '미니스톱 남원금동점', '101-15-1250', '백록담', '070-8194-7779', '0', 'cljh223@naver.com', 'www.ministop.co.kr/', '편의점');

INSERT INTO SHOP (SHOP_CODE, SHOP_NAME, SHOP_NUMBER, SHOP_REP, SHOP_TEL, SHOP_STATE, SHOP_EMAIL, SHOP_SNS, SHOP_DIVISION) 
VALUES (18.0, 'CU 보성역점', '101-15-1251', '김상인', '061-853-0767', '0', 'hlockney9@artisteer.com', 'cu.bgfretail.com', '편의점');

INSERT INTO SHOP (SHOP_CODE, SHOP_NAME, SHOP_NUMBER, SHOP_REP, SHOP_TEL, SHOP_STATE, SHOP_EMAIL, SHOP_SNS, SHOP_DIVISION) 
VALUES (19.0, '세븐일레븐 해남북일점', '101-15-1252', '김하영', '061-534-3084', '0', 'jkindleysides5@51.la', 'www.facebook.com/7elevenkorea', '편의점');

INSERT INTO SHOP (SHOP_CODE, SHOP_NAME, SHOP_NUMBER, SHOP_REP, SHOP_TEL, SHOP_STATE, SHOP_EMAIL, SHOP_SNS, SHOP_DIVISION) 
VALUES (20.0, '이마트24 송도케이블카상부점', '101-15-1253', '정동운', '02-6916-1500', '0', 'tlaudham2@omniture.com', 'bstubbs6@slate.com', '편의점');

INSERT INTO SHOP (SHOP_CODE, SHOP_NAME, SHOP_NUMBER, SHOP_REP, SHOP_TEL, SHOP_STATE, SHOP_EMAIL, SHOP_SNS, SHOP_DIVISION) 
VALUES (21.0, 'GS25양산아이유쉘점', '101-15-1254', '이지은', '070-4562-8562', '0', 'gdossit1@typepad.com', 'jmallion7@hud.gov', '편의점');

INSERT INTO SHOP (SHOP_CODE, SHOP_NAME, SHOP_NUMBER, SHOP_REP, SHOP_TEL, SHOP_STATE, SHOP_EMAIL, SHOP_SNS, SHOP_DIVISION) 
VALUES (22.0, 'GS25 영월발전소점', '101-15-1255', '박세혁', '033-375-3900', '0', 'rlowndsborough0@ehow.com', 'mdannehl3@yolasite.com', '편의점');

INSERT INTO ADDRESS (ADDRESS_POST, ADDRESS_DETAIL1, ADDRESS_DETAIL2, ADDRESS_DETAIL3, ADDRESS_DETAIL4, SHOP_CODE) 
VALUES ('16164', '서울특별시', '송파구', '올림픽로 240', '롯데마트잠실점', 1.0);

INSERT INTO ADDRESS (ADDRESS_POST, ADDRESS_DETAIL1, ADDRESS_DETAIL2, ADDRESS_DETAIL3, ADDRESS_DETAIL4, SHOP_CODE) 
VALUES ('16165', '서울특별시', '강남구', '역삼로 310', '이마트역삼점', 2.0);

INSERT INTO ADDRESS (ADDRESS_POST, ADDRESS_DETAIL1, ADDRESS_DETAIL2, ADDRESS_DETAIL3, ADDRESS_DETAIL4, SHOP_CODE) 
VALUES ('16166', '서울특별시', '강남구', '봉은사로 103길 5', '지하 1층', 3.0);

INSERT INTO ADDRESS (ADDRESS_POST, ADDRESS_DETAIL1, ADDRESS_DETAIL2, ADDRESS_DETAIL3, ADDRESS_DETAIL4, SHOP_CODE) 
VALUES ('16167', '서울특별시', '송파구', '올림픽로 111', '잠실엑스상가A동', 4.0);

INSERT INTO ADDRESS (ADDRESS_POST, ADDRESS_DETAIL1, ADDRESS_DETAIL2, ADDRESS_DETAIL3, ADDRESS_DETAIL4, SHOP_CODE) 
VALUES ('16168', '서울특별시', '강남구', '봉은사로 502', '삼하빌딩', 5.0);

INSERT INTO ADDRESS (ADDRESS_POST, ADDRESS_DETAIL1, ADDRESS_DETAIL2, ADDRESS_DETAIL3, ADDRESS_DETAIL4, SHOP_CODE) 
VALUES ('16169', '서울특별시', '강남구', '도곡로 5151', '한도산업사옥', 6.0);

INSERT INTO ADDRESS (ADDRESS_POST, ADDRESS_DETAIL1, ADDRESS_DETAIL2, ADDRESS_DETAIL3, ADDRESS_DETAIL4, SHOP_CODE) 
VALUES ('16170', '서울특별시', '강남구', '남부순환로 2927', '대치 클래시아 지하 1층', 7.0);

INSERT INTO ADDRESS (ADDRESS_POST, ADDRESS_DETAIL1, ADDRESS_DETAIL2, ADDRESS_DETAIL3, ADDRESS_DETAIL4, SHOP_CODE) 
VALUES ('16171', '서울특별시', '강남구', '영동대로86길 21', '태화빌딩', 8.0);

INSERT INTO ADDRESS (ADDRESS_POST, ADDRESS_DETAIL1, ADDRESS_DETAIL2, ADDRESS_DETAIL3, ADDRESS_DETAIL4, SHOP_CODE) 
VALUES ('16172', '서울특별시', '강남구', '삼성로 212', '은마아파트', 9.0);

INSERT INTO ADDRESS (ADDRESS_POST, ADDRESS_DETAIL1, ADDRESS_DETAIL2, ADDRESS_DETAIL3, ADDRESS_DETAIL4, SHOP_CODE) 
VALUES ('16173', '서울특별시', '강남구', '선릉로 225', '도곡렉슬상가', 10.0);

INSERT INTO ADDRESS (ADDRESS_POST, ADDRESS_DETAIL1, ADDRESS_DETAIL2, ADDRESS_DETAIL3, ADDRESS_DETAIL4, SHOP_CODE) 
VALUES ('16174', '서울특별시', '강남구', '선릉로 660', NULL, 11.0);

INSERT INTO ADDRESS (ADDRESS_POST, ADDRESS_DETAIL1, ADDRESS_DETAIL2, ADDRESS_DETAIL3, ADDRESS_DETAIL4, SHOP_CODE) 
VALUES ('16175', '서울특별시', '송파구', '올림픽로 145', '리센츠', 12.0);

INSERT INTO ADDRESS (ADDRESS_POST, ADDRESS_DETAIL1, ADDRESS_DETAIL2, ADDRESS_DETAIL3, ADDRESS_DETAIL4, SHOP_CODE) 
VALUES ('16176', '서울특별시', '강남구', '삼성1동 ', '영동대로 513', 13.0);

INSERT INTO ADDRESS (ADDRESS_POST, ADDRESS_DETAIL1, ADDRESS_DETAIL2, ADDRESS_DETAIL3, ADDRESS_DETAIL4, SHOP_CODE) 
VALUES ('16177', '경기도', '여주시', '북내면', '여양2로 227', 14.0);

INSERT INTO ADDRESS (ADDRESS_POST, ADDRESS_DETAIL1, ADDRESS_DETAIL2, ADDRESS_DETAIL3, ADDRESS_DETAIL4, SHOP_CODE) 
VALUES ('16178', '경기도', '이천시', '부달읍', '중부대로 1802', 15.0);

INSERT INTO ADDRESS (ADDRESS_POST, ADDRESS_DETAIL1, ADDRESS_DETAIL2, ADDRESS_DETAIL3, ADDRESS_DETAIL4, SHOP_CODE) 
VALUES ('16179', '전라북도', '남원시', '충정로 365', '남원의료원', 16.0);

INSERT INTO ADDRESS (ADDRESS_POST, ADDRESS_DETAIL1, ADDRESS_DETAIL2, ADDRESS_DETAIL3, ADDRESS_DETAIL4, SHOP_CODE) 
VALUES ('16180', '전라북도', '남원시', '금동 569', '휴먼시아상가', 17.0);

INSERT INTO ADDRESS (ADDRESS_POST, ADDRESS_DETAIL1, ADDRESS_DETAIL2, ADDRESS_DETAIL3, ADDRESS_DETAIL4, SHOP_CODE) 
VALUES ('16181', '전라남도', '보성군', '보성읍', '신흥길 2', 18.0);

INSERT INTO ADDRESS (ADDRESS_POST, ADDRESS_DETAIL1, ADDRESS_DETAIL2, ADDRESS_DETAIL3, ADDRESS_DETAIL4, SHOP_CODE) 
VALUES ('16182', '전라남도', '해남군', '북일면 만원길 3', '터미널식육점마트', 19.0);

INSERT INTO ADDRESS (ADDRESS_POST, ADDRESS_DETAIL1, ADDRESS_DETAIL2, ADDRESS_DETAIL3, ADDRESS_DETAIL4, SHOP_CODE) 
VALUES ('16183', '부산광역시', '서구', '암남공원로 182', NULL, 20.0);

INSERT INTO ADDRESS (ADDRESS_POST, ADDRESS_DETAIL1, ADDRESS_DETAIL2, ADDRESS_DETAIL3, ADDRESS_DETAIL4, SHOP_CODE) 
VALUES ('16184', '경상남도', '양산시', '신기강변 1길 11', '양산우방아이유셀', 21.0);

INSERT INTO ADDRESS (ADDRESS_POST, ADDRESS_DETAIL1, ADDRESS_DETAIL2, ADDRESS_DETAIL3, ADDRESS_DETAIL4, SHOP_CODE) 
VALUES ('16185', '강원도', '영월군', '영월읍', '중앙로 236', 22.0);


INSERT INTO warehouse VALUES
(
	warehouse_code_num_SEQ.NEXTVAL
	, '성산공장'
	, '공장'
);

INSERT INTO warehouse VALUES
(
	warehouse_code_num_SEQ.NEXTVAL
	, '잠실창고'
	, '물류창고'
);


insert into staff values
(
	staff_code_SEQ.NEXTVAL
	, '정우석'
	, '생산부'
	, '2222'
	, '2222'
	, 'cowstone@kill.ah'
);

insert into staff values
(
	staff_code_SEQ.NEXTVAL
	, '조준석'
	, '영업부'
	, '4444'
	, '4444'
	, 'handsomestone@killl.ah'
);

insert into staff values
(
	staff_code_SEQ.NEXTVAL
	, '송은지'
	, '물류부'
	, '3333'
	, '3333'
	, 'silvermouse@kill.ah'
);

insert into staff values
(
	staff_code_SEQ.NEXTVAL
	, '이재준'
	, '구매부'
	, '1111'
	, '1111'
	, 'peartree@kill.ah'
);

insert into staff values
(
	staff_code_SEQ.NEXTVAL
	, '홍은기'
	, '기술부'
	, '0000'
	, '0000'
	, 'redsilverground@kill.ah'
);


insert into kpiDivision values
(
	0
	, '판매액'
);

insert into kpiDivision values
(
	1
	, '매출액'
);

insert into kpiDivision values
(
	2
	, '매출 총 이익'
);

insert into product VALUES
(
	'1'
	, '안성탕면'
	, 8000
	, 15000
	, ''
	, 'box'
	, '20000'
);

insert into product VALUES
(
	'2'
	, '신라면'
	, 9000
	, 16000
	, ''
	, 'box'
	, '21000'
);

insert into product VALUES
(
	'3'
	, '너구리'
	, 10000
	, 17000
	, ''
	, 'box'
	, 22000
);

insert into product VALUES
(
	'4'
	, '멸치칼국수라면'
	, 11000
	, 18000
	, ''
	, 'box'
	, 23000
);

insert into product VALUES
(
	'5'
	, '사리곰탕'
	, 8000
	, 15000
	, ''
	, 'box'
	, '20000'
);

insert into Truck 
values
('11가1234', '대', 300, 200, 100);

insert into Truck 
values
('12가1234', '대', 300, 200, 100);

insert into Truck 
values
('13가1234', '대', 300, 200, 100);

insert into Truck 
values
('14가1234', '중', 300, 200, 100);

insert into Truck 
values
('15가1234', '중', 300, 200, 100);

insert into Truck 
values
('16가1234', '중', 300, 200, 100);

insert into Truck 
values
('17가1234', '중', 300, 200, 100);

insert into Truck 
values
('18가1234', '중', 300, 200, 100);

insert into Truck 
values
('19가1234', '중', 300, 200, 100);

insert into Truck 
values
('20가1234', '중', 300, 200, 100);

insert into Truck 
values
('21가1234', '중', 300, 200, 100);

insert into Truck 
values
('22가1234', '소', 300, 200, 100);

insert into Truck 
values
('23가1234', '소', 300, 200, 100);

insert into Truck 
values
('24가1234', '소', 300, 200, 100);

insert into Truck 
values
('25가1234', '소', 300, 200, 100);

insert into Truck 
values
('26가1234', '소', 300, 200, 100);

insert into Truck 
values
('27가1234', '소', 300, 200, 100);

insert into Truck 
values
('28가1234', '소', 300, 200, 100);

insert into Truck 
values
('29가1234', '소', 300, 200, 100);

insert into Truck 
values
('30가1234', '소', 300, 200, 100);

insert into Truck 
values
('31가1234', '소', 300, 200, 100);

insert into Truck 
values
('32가1234', '소', 300, 200, 100);

insert into shipping
values
(52, '영업부', '제품3', 10, '2017-09-30', 'confirmed', 1, 1, '11가1234');

insert into shipping
values
(53, '생산부', '제품1', 20, '2017-09-15', 'shipped', 1, 1, '12가1234');

insert into shipping
values
(54, '구매부', '제품2', 40, '2017-09-27', 'rejected', 1, 1, '13가1234');

insert into shipping
values
(55, '영업부', '제품3', 10, '2017-09-30', 'ordered', 1, 1, '14가1234');

insert into shipping
values
(56, '생산부', '제품1', 20, '2017-09-15', 'ordered', 2, 2, '15가1234');

insert into shipping
values
(57, '구매부', '제품2', 40, '2017-09-27', 'ordered', 2, 2, '16가1234');

insert into shipping
values
(58, '영업부', '제품3', 10, '2017-09-30', 'ordered', 2, 2, '17가1234');

insert into shipping
values
(59, '생산부', '제품1', 20, '2017-09-15', 'ordered', 2, 2, '18가1234');

insert into shipping
values
(60, '구매부', '제품2', 40, '2017-09-27', 'ordered', 3, 3, '19가1234');

insert into shipping
values
(61, '영업부', '제품3', 10, '2017-09-30', 'ordered', 3, 3, '20가1234');

insert into shipping
values
(62, '생산부', '제품1', 20, '2017-09-15', 'ordered', 3, 3, '21가1234');

insert into shipping
values
(63, '구매부', '제품2', 40, '2017-09-27', 'ordered', 3, 3, '22가1234');

insert into shipping
values
(64, '영업부', '제품3', 10, '2017-09-30', 'ordered', 4, 1, '23가1234');

insert into shipping
values
(65, '생산부', '제품1', 20, '2017-09-15', 'ordered', 4, 2, '24가1234');

insert into shipping
values
(66, '구매부', '제품2', 40, '2017-09-27', 'ordered', 4, 3, '25가1234');

insert into shipping
values
(67, '구매부', '제품2', 40, '2017-09-27', 'ordered', 4, 1, '26가1234');

insert into shipping
values
(68, '영업부', '제품3', 10, '2017-09-30', 'ordered', 4, 2, '27가1234');

insert into shipping
values
(69, '생산부', '제품1', 20, '2017-09-15', 'ordered', 4, 3, '28가1234');

insert into shipping
values
(70, '구매부', '제품2', 40, '2017-09-27', 'ordered', 2, 1, '29가1234');

insert into shipping
values
(71, '영업부', '제품3', 10, '2017-09-30', 'ordered', 1, 2, '30가1234');

insert into shipping
values
(72, '생산부', '제품1', 20, '2017-09-15', 'ordered', 2, 3, '31가1234');

insert into shipping
values
(73, '구매부', '제품2', 40, '2017-09-27', 'ordered', 2, 1, '32가1234');



/* Insert data */

/* Insert data RM basic data*/

insert into Pur_rawmaterials VALUES
(
'noodle-01', 'wheat', 0,0
);

insert into Pur_rawmaterials VALUES
(
'noodle-02', 'potatostarch', 0,0
);

insert into Pur_rawmaterials VALUES
(
'noodle-03', 'palmoil', 0,0
);

insert into Pur_rawmaterials VALUES
(
'flake-01', 'anchovy',  0,0
);

insert into Pur_rawmaterials VALUES
(
'flake-02', 'carrot',  0,0
);

insert into Pur_rawmaterials VALUES
(
'flake-03', 'driedbeef',  0,0
);

insert into Pur_rawmaterials VALUES
(
'flake-04', 'garlic',  0,0
);
insert into Pur_rawmaterials VALUES
(
'flake-05', 'mushroom', 0,0
);

insert into Pur_rawmaterials VALUES
(
'flake-06', 'onion', 0,0
);

insert into Pur_rawmaterials VALUES
(
'flake-07', 'redpepperpowder', 0,0
);

insert into Pur_rawmaterials VALUES
(
'flake-08', 'salt', 0,0
);

insert into Pur_rawmaterials VALUES
(
'flake-09', 'seaweed', 0,0
);

insert into Pur_rawmaterials VALUES
(
'flake-10', 'sugar', 0,0
);



